id,waste_type_id,recycling_point_id,price
26021582-8c97-4f6d-8554-00f353a55777,ece03d82-889b-4f66-8a22-9cbf3f5e31fa,79170b21-b241-4258-bba1-66479e402de4,
152f3b3d-ca89-4f75-8334-4eedbcdd7592,da252931-1f14-4fd5-a54b-857b8f760555,79170b21-b241-4258-bba1-66479e402de4,
88bec0c7-a3b4-4d0f-8c4f-708b60e80195,56048df0-d1b5-463c-b964-b4d4d50b2816,79170b21-b241-4258-bba1-66479e402de4,
0a310bab-3f23-445b-a2a8-2d60872c1474,8fcc1843-e287-4168-8a98-a396b1baae8e,79170b21-b241-4258-bba1-66479e402de4,
b9034236-52eb-4821-b72d-6202d30f7f76,f3a4b6e0-2d95-427c-8a4d-d3fd1fd4c580,79170b21-b241-4258-bba1-66479e402de4,
8abd69b9-9d08-4579-9505-a5023c975c86,1b10729d-644e-46bf-999e-209cbf28e6b3,79170b21-b241-4258-bba1-66479e402de4,
7d267adc-c753-4d66-8a36-dd6774890f03,af4415b8-36d2-4c26-8ee9-8f2112262862,79170b21-b241-4258-bba1-66479e402de4,
bebf279d-778d-48ca-ac17-1d5366008af3,ece03d82-889b-4f66-8a22-9cbf3f5e31fa,160a36e9-caed-4ec3-8ff2-3510322dd6e8,
ee87983b-e03a-4e38-a981-3a87d0cb08ca,da252931-1f14-4fd5-a54b-857b8f760555,160a36e9-caed-4ec3-8ff2-3510322dd6e8,
b894ee05-2860-48de-a5e0-0beadcecff4c,8fcc1843-e287-4168-8a98-a396b1baae8e,160a36e9-caed-4ec3-8ff2-3510322dd6e8,
ab3a5f5a-2f2e-4d2a-8abf-cc5f93319ede,f3a4b6e0-2d95-427c-8a4d-d3fd1fd4c580,160a36e9-caed-4ec3-8ff2-3510322dd6e8,
9711a302-7c1f-4bae-8c90-d2c13213953a,af4415b8-36d2-4c26-8ee9-8f2112262862,160a36e9-caed-4ec3-8ff2-3510322dd6e8,
81c8083e-938a-4a33-bb5a-565e899a4d0f,ece03d82-889b-4f66-8a22-9cbf3f5e31fa,a6ae703d-0d0c-4775-90b3-3370e92919d3,
7f1b1e28-c702-4d98-9639-57616700ce57,da252931-1f14-4fd5-a54b-857b8f760555,a6ae703d-0d0c-4775-90b3-3370e92919d3,
665c89f8-d4f3-4f4a-93ea-961a0a264e70,8fcc1843-e287-4168-8a98-a396b1baae8e,a6ae703d-0d0c-4775-90b3-3370e92919d3,
9d5ef4ca-d10f-48ee-bcb8-1bc675671155,f3a4b6e0-2d95-427c-8a4d-d3fd1fd4c580,a6ae703d-0d0c-4775-90b3-3370e92919d3,
cba6526b-f855-4772-a5eb-cdea7ae9a5b5,af4415b8-36d2-4c26-8ee9-8f2112262862,a6ae703d-0d0c-4775-90b3-3370e92919d3,
17ee7181-3c76-4abc-8b77-1332a054604a,f3a4b6e0-2d95-427c-8a4d-d3fd1fd4c580,863a830d-2895-45fd-a2db-6ce631b2b7d2,
d0346aec-2ba1-4a40-81e1-7725458431f5,af4415b8-36d2-4c26-8ee9-8f2112262862,863a830d-2895-45fd-a2db-6ce631b2b7d2,
f8c98bd4-e247-432f-b66e-7622c77b1bb4,57911806-f729-44ae-b170-6953bd7d1802,863a830d-2895-45fd-a2db-6ce631b2b7d2,
204508da-1a6f-46af-8875-52ca635fb88d,56048df0-d1b5-463c-b964-b4d4d50b2816,863a830d-2895-45fd-a2db-6ce631b2b7d2,
c0ea1f72-a78d-4a56-b703-ff6cc388c7c9,8fcc1843-e287-4168-8a98-a396b1baae8e,863a830d-2895-45fd-a2db-6ce631b2b7d2,
09a286c8-78f5-4f66-a306-fd4389c074b2,ece03d82-889b-4f66-8a22-9cbf3f5e31fa,d269b534-7dc7-4dd6-a4ce-387c63170202,
25b0900d-4de2-4688-8671-a34a16e32bc9,da252931-1f14-4fd5-a54b-857b8f760555,d269b534-7dc7-4dd6-a4ce-387c63170202,
6211ff2b-a807-4558-a477-a4ca8b42b8db,8fcc1843-e287-4168-8a98-a396b1baae8e,d269b534-7dc7-4dd6-a4ce-387c63170202,
643c92bb-3905-4c64-a9a4-d8b82a24200a,f3a4b6e0-2d95-427c-8a4d-d3fd1fd4c580,d269b534-7dc7-4dd6-a4ce-387c63170202,
e0e34400-3a9a-454b-b91d-6a05c4cac779,ece03d82-889b-4f66-8a22-9cbf3f5e31fa,b30f7337-a03c-407a-a3cd-14d3510a8e9f,
e6a8c0b4-7c4e-4a2d-baf4-a4e18131679c,da252931-1f14-4fd5-a54b-857b8f760555,b30f7337-a03c-407a-a3cd-14d3510a8e9f,
658f7f75-c597-4579-b4ca-18cd00c5633c,f3a4b6e0-2d95-427c-8a4d-d3fd1fd4c580,b30f7337-a03c-407a-a3cd-14d3510a8e9f,
76e792dc-bc58-49c4-9f34-74fbfdcef19d,af4415b8-36d2-4c26-8ee9-8f2112262862,b30f7337-a03c-407a-a3cd-14d3510a8e9f,
69d44c62-1c00-4def-af82-c2a0669e94f7,da252931-1f14-4fd5-a54b-857b8f760555,0b9f7176-2dd6-4e1d-b0e7-710ffdbcddd6,
e3441302-00dd-425a-8e4a-01626f18a27b,8fcc1843-e287-4168-8a98-a396b1baae8e,0b9f7176-2dd6-4e1d-b0e7-710ffdbcddd6,
48cdf99a-d2ed-4289-960e-f80f2c82d3a2,f3a4b6e0-2d95-427c-8a4d-d3fd1fd4c580,0b9f7176-2dd6-4e1d-b0e7-710ffdbcddd6,
bafb7c9e-4a8a-446b-b56b-43eea61d912b,af4415b8-36d2-4c26-8ee9-8f2112262862,0b9f7176-2dd6-4e1d-b0e7-710ffdbcddd6,
72b86226-1077-401a-87ea-d9fa5050bab7,ece03d82-889b-4f66-8a22-9cbf3f5e31fa,54fcf8f4-9097-4fd6-9591-9cfeb69c91e0,
fb666718-3d98-4bd4-9b36-0f97414c884b,da252931-1f14-4fd5-a54b-857b8f760555,54fcf8f4-9097-4fd6-9591-9cfeb69c91e0,
1940c2d4-c5ae-45f5-8cca-a54cd718a78e,8fcc1843-e287-4168-8a98-a396b1baae8e,54fcf8f4-9097-4fd6-9591-9cfeb69c91e0,
56683a3e-b9aa-4f19-b08f-45088d6bc84c,f3a4b6e0-2d95-427c-8a4d-d3fd1fd4c580,54fcf8f4-9097-4fd6-9591-9cfeb69c91e0,
35220d47-efa4-44b6-b843-9e5d6a973c5a,af4415b8-36d2-4c26-8ee9-8f2112262862,54fcf8f4-9097-4fd6-9591-9cfeb69c91e0,
0dd4303f-0b8d-4454-88dd-d296318eb367,ece03d82-889b-4f66-8a22-9cbf3f5e31fa,26f889df-88ac-4523-adc1-03f2a44edaf3,
2bc16e1d-2e9e-41d1-967f-a3a0542142aa,da252931-1f14-4fd5-a54b-857b8f760555,26f889df-88ac-4523-adc1-03f2a44edaf3,
bdf2dca4-57ae-43b3-9e4d-2f41d24371ab,8fcc1843-e287-4168-8a98-a396b1baae8e,26f889df-88ac-4523-adc1-03f2a44edaf3,
97a654f2-b3c3-4fbe-8ecd-66fcf3457e9b,f3a4b6e0-2d95-427c-8a4d-d3fd1fd4c580,26f889df-88ac-4523-adc1-03f2a44edaf3,
63687846-30f7-44f4-b4cc-b0b57e0f6432,af4415b8-36d2-4c26-8ee9-8f2112262862,26f889df-88ac-4523-adc1-03f2a44edaf3,
aabc6605-6968-46ca-8ecd-838643159855,8fcc1843-e287-4168-8a98-a396b1baae8e,4d95c453-8398-4bd5-a11c-d688876fa529,
4c20b7e7-dc62-4d70-b0cf-9895eece78b7,da252931-1f14-4fd5-a54b-857b8f760555,0a3c011f-1bf1-426d-87a2-c7ee0583013f,
7f489dcd-9ad6-4f7e-bcab-e9b09c2dbfd4,8fcc1843-e287-4168-8a98-a396b1baae8e,0a3c011f-1bf1-426d-87a2-c7ee0583013f,
d7ca17d7-867e-406f-a0c8-1e57a20478d1,ece03d82-889b-4f66-8a22-9cbf3f5e31fa,ecb8244b-4551-4c07-affb-db7d38cbb327,
20bb3e6a-fcf7-439f-90e2-b04f0162d139,da252931-1f14-4fd5-a54b-857b8f760555,ecb8244b-4551-4c07-affb-db7d38cbb327,
47ff8bcc-57f8-4ccb-bbe3-ba40b5867056,8fcc1843-e287-4168-8a98-a396b1baae8e,ecb8244b-4551-4c07-affb-db7d38cbb327,
ef61a202-22f2-497b-ba24-378aa0ce75ef,f3a4b6e0-2d95-427c-8a4d-d3fd1fd4c580,ecb8244b-4551-4c07-affb-db7d38cbb327,
34c10aa1-694a-4dc5-aba5-d49e93526e33,af4415b8-36d2-4c26-8ee9-8f2112262862,ecb8244b-4551-4c07-affb-db7d38cbb327,
ca9ef2b4-52ff-4a7e-a3bf-3a27a2b6f6c5,ece03d82-889b-4f66-8a22-9cbf3f5e31fa,db8c79ca-4012-4dc8-b145-d0c165fe8cc7,
b20449f7-6532-4787-8561-3f0f63fdf1af,da252931-1f14-4fd5-a54b-857b8f760555,db8c79ca-4012-4dc8-b145-d0c165fe8cc7,
59fff652-fe14-4403-8072-4579c16a4343,56048df0-d1b5-463c-b964-b4d4d50b2816,db8c79ca-4012-4dc8-b145-d0c165fe8cc7,
a3a8823a-ffe2-4171-b3a7-273d1238bcae,8fcc1843-e287-4168-8a98-a396b1baae8e,db8c79ca-4012-4dc8-b145-d0c165fe8cc7,
3e4cdda2-5b89-4e8a-bcea-b83e26f154bb,f3a4b6e0-2d95-427c-8a4d-d3fd1fd4c580,db8c79ca-4012-4dc8-b145-d0c165fe8cc7,
ba8791cc-4e67-476a-b265-3079bad4cb98,af4415b8-36d2-4c26-8ee9-8f2112262862,db8c79ca-4012-4dc8-b145-d0c165fe8cc7,
039ea974-3276-4a3c-8105-0dbbff2d0967,ece03d82-889b-4f66-8a22-9cbf3f5e31fa,2c6371da-230a-4a11-b7ef-9f057838eeb9,
8fdfb911-8b39-4a40-9c39-b006c60628d3,da252931-1f14-4fd5-a54b-857b8f760555,2c6371da-230a-4a11-b7ef-9f057838eeb9,
22437260-f11b-40d5-992b-4e61ceb3ecd8,8fcc1843-e287-4168-8a98-a396b1baae8e,2c6371da-230a-4a11-b7ef-9f057838eeb9,
8a4d9c9c-f8b3-4400-8a37-61bd688ce510,f3a4b6e0-2d95-427c-8a4d-d3fd1fd4c580,2c6371da-230a-4a11-b7ef-9f057838eeb9,
7301d212-c0b6-427a-b6a1-69f9e6c465a4,af4415b8-36d2-4c26-8ee9-8f2112262862,2c6371da-230a-4a11-b7ef-9f057838eeb9,
1d1a5bac-d1e1-4d6a-a75f-5d769c9a3177,ece03d82-889b-4f66-8a22-9cbf3f5e31fa,38c61952-0545-4bbc-9425-8ee80302201b,
09e78ba9-c250-459f-84d6-5216a0617a24,da252931-1f14-4fd5-a54b-857b8f760555,38c61952-0545-4bbc-9425-8ee80302201b,
7a890321-29d7-4647-b5a0-8b44e6b1ce8c,8fcc1843-e287-4168-8a98-a396b1baae8e,38c61952-0545-4bbc-9425-8ee80302201b,
48c71b21-f380-4cb5-8a58-0e645d3274a3,f3a4b6e0-2d95-427c-8a4d-d3fd1fd4c580,38c61952-0545-4bbc-9425-8ee80302201b,
37d5c539-caf6-417c-b1bd-8bbd0409571a,af4415b8-36d2-4c26-8ee9-8f2112262862,38c61952-0545-4bbc-9425-8ee80302201b,
6e474408-e664-489a-beb6-4a0cbf5d15e9,ece03d82-889b-4f66-8a22-9cbf3f5e31fa,f9b66e6c-10f5-4537-874f-d7c5304c6536,71.0
75f9b054-edd0-46a4-975f-645d131b97a0,da252931-1f14-4fd5-a54b-857b8f760555,f9b66e6c-10f5-4537-874f-d7c5304c6536,150.0
aca32027-a059-466c-9ad4-b9a8b1057cf2,8fcc1843-e287-4168-8a98-a396b1baae8e,f9b66e6c-10f5-4537-874f-d7c5304c6536,203.0
c839afae-8bd4-4e85-b780-63a6d846a0dc,da252931-1f14-4fd5-a54b-857b8f760555,233cd915-b4b8-4bac-8bd4-a025e2c7ce32,209.0
b32bc7c5-1596-4e29-bf64-7ade82ee504a,ece03d82-889b-4f66-8a22-9cbf3f5e31fa,a60e4402-de5d-4c8a-ba65-05f65f0c3fbc,235.0
efb6b9ec-80eb-43d4-b8cd-712544b99f0e,da252931-1f14-4fd5-a54b-857b8f760555,a60e4402-de5d-4c8a-ba65-05f65f0c3fbc,111.0
90018bdf-9912-4a06-b85e-90937d985afe,af4415b8-36d2-4c26-8ee9-8f2112262862,a60e4402-de5d-4c8a-ba65-05f65f0c3fbc,33.0
1ac88290-a395-475d-b3d7-9cef4ff20123,ece03d82-889b-4f66-8a22-9cbf3f5e31fa,90173459-644d-4467-b520-9a655743d418,215.0
6c520b86-ea41-4d33-9a43-a6e393c995c4,da252931-1f14-4fd5-a54b-857b8f760555,90173459-644d-4467-b520-9a655743d418,144.0
c3bb7953-0663-4910-996c-8bfd2e4a0f31,af4415b8-36d2-4c26-8ee9-8f2112262862,90173459-644d-4467-b520-9a655743d418,165.0
d054329f-7f85-4b27-a8e2-61bad661e69e,ece03d82-889b-4f66-8a22-9cbf3f5e31fa,6e8278b7-5f73-4dd0-ad37-2d4ccc9bca5c,
065ed884-f262-4af1-9d32-8e1e20cb27f0,da252931-1f14-4fd5-a54b-857b8f760555,6e8278b7-5f73-4dd0-ad37-2d4ccc9bca5c,
4c7068a8-5b95-41ae-b606-c75b0dbb866f,56048df0-d1b5-463c-b964-b4d4d50b2816,6e8278b7-5f73-4dd0-ad37-2d4ccc9bca5c,
5fe83279-08e9-4548-8937-56c5785925b7,af4415b8-36d2-4c26-8ee9-8f2112262862,6e8278b7-5f73-4dd0-ad37-2d4ccc9bca5c,
36330c0d-4b08-4f7f-baa0-76a643ce6941,ece03d82-889b-4f66-8a22-9cbf3f5e31fa,fd254789-6b05-4cbe-b7b7-860c176ff9ed,
be6f5e1f-b962-4bb7-bc58-6c5bc87ee6b9,da252931-1f14-4fd5-a54b-857b8f760555,fd254789-6b05-4cbe-b7b7-860c176ff9ed,
52a6dde4-ebc3-4329-b689-c74cbe899129,56048df0-d1b5-463c-b964-b4d4d50b2816,fd254789-6b05-4cbe-b7b7-860c176ff9ed,
4ffb16f2-6eee-4945-b556-b259577ae547,a376579e-ac37-4c45-b9ce-f8ac15736042,fd254789-6b05-4cbe-b7b7-860c176ff9ed,
2a49f526-a46f-4176-8e71-bf6bbc6e4a2e,da252931-1f14-4fd5-a54b-857b8f760555,a8022d88-afda-4e1a-a581-7567cc4b70a6,79.0
8ca8ee3c-2892-4515-9747-0672d37fad39,ece03d82-889b-4f66-8a22-9cbf3f5e31fa,003333eb-4b7e-43dd-96bd-c55d9689ec14,235.0
731b48df-00f6-4dd5-8105-ab5e83d4bc20,da252931-1f14-4fd5-a54b-857b8f760555,003333eb-4b7e-43dd-96bd-c55d9689ec14,60.0
db66efdc-35b8-49af-be4c-b573c582ed26,f3a4b6e0-2d95-427c-8a4d-d3fd1fd4c580,7b4b2e86-438e-4514-96fe-dce1049b4b02,34.0
4998cbda-7f41-4a5d-83d9-2f6fbb53dac0,a376579e-ac37-4c45-b9ce-f8ac15736042,ceacf94f-03e2-4f01-9d3b-b0920eeb88d8,249.0
7c9e1151-d75c-4dd7-ba73-6fbfc7c5bc53,5af391df-7ee2-4f0f-b615-544711b58226,d464a6e9-5714-497a-aeba-66d204faaa48,187.0
a12fdb05-4d31-4d15-ae7a-a621c624a1b0,28a20b56-789a-4458-a6c7-a7dd1e80fa50,d464a6e9-5714-497a-aeba-66d204faaa48,82.0
e5497d4c-2ec4-400c-94ff-5973e6b7d51e,a1a73197-feb1-48c4-a669-3b2e30c1bd44,03f5c14e-bc24-4f34-ab97-0d9454062149,
d3ec3835-d305-4062-bfdb-a849fcbf0a33,a1a73197-feb1-48c4-a669-3b2e30c1bd44,4b1e00a3-fd2a-455c-a68f-ccb2a6202d34,85.0
4d0ed289-d1d6-4182-bbea-82bbc2c6fc21,a1a73197-feb1-48c4-a669-3b2e30c1bd44,5ddbc3b2-053f-460d-9df1-e2af50e9f7e2,222.0
160dd078-7267-49ab-9801-6816a404ff28,a1a73197-feb1-48c4-a669-3b2e30c1bd44,48a4b78e-a643-4af3-adab-7295e07cd5d9,
9badc420-8199-4f8a-9004-31f7e608a069,8111c1e8-7d82-4e6d-ac07-de900ef27d15,c0a44663-4a9b-4858-bef9-ee97454ee46e,104.0
ecb62259-bb82-4757-b595-8b1545933142,6bc6401e-94ae-4668-ad16-ba4b0c898da8,c0a44663-4a9b-4858-bef9-ee97454ee46e,116.0
0d04c1e7-116d-4e3c-8d6b-469f3dab38d2,8111c1e8-7d82-4e6d-ac07-de900ef27d15,3f452643-1ad1-403c-b8bf-72eb6ce0b58f,104.0
e2365805-f1c3-489c-a14b-4292c9a51e14,8111c1e8-7d82-4e6d-ac07-de900ef27d15,1d8522b0-e031-45ff-95a0-b598cec9a19b,119.0
8c357f50-dd35-41d7-a9bd-d6e30c9f1358,6bc6401e-94ae-4668-ad16-ba4b0c898da8,1d8522b0-e031-45ff-95a0-b598cec9a19b,204.0
e0fbc95a-9bad-4562-af95-18fed4b31c87,8111c1e8-7d82-4e6d-ac07-de900ef27d15,6fbe56e9-fd96-42bf-ad82-dd76f7917e09,120.0
e732df44-9eaa-47b5-ae34-2db78eedd09e,6bc6401e-94ae-4668-ad16-ba4b0c898da8,6fbe56e9-fd96-42bf-ad82-dd76f7917e09,194.0
0d3cc14c-9ece-4e30-9e05-0438bfadab1a,8111c1e8-7d82-4e6d-ac07-de900ef27d15,5b0d0eee-08c9-43e3-9ac3-d38171f3d4b8,99.0
5b7b2aba-74bc-4154-b404-297843306790,6bc6401e-94ae-4668-ad16-ba4b0c898da8,5b0d0eee-08c9-43e3-9ac3-d38171f3d4b8,102.0
161cb7eb-6e45-495e-aef4-6da8711b318f,936a7317-4183-498c-9de8-ad61189184ec,f9e865ba-0d40-408b-8a45-db8761300536,80.0
d4adafcc-69ce-42be-af46-f0ffce20ad56,5af391df-7ee2-4f0f-b615-544711b58226,f9e865ba-0d40-408b-8a45-db8761300536,84.0
11be2f81-2185-49e6-991e-d3853a874dc2,936a7317-4183-498c-9de8-ad61189184ec,2fe6fefa-771b-49f8-8dcb-07f87e2c2129,80.0
b96e52ca-10ff-43b6-b926-189ef7d84a68,936a7317-4183-498c-9de8-ad61189184ec,c0e06580-e975-42b6-9e86-9ac6849815bb,207.0
6a092b1e-5c6e-43e2-b283-bb1b5fd74317,936a7317-4183-498c-9de8-ad61189184ec,628ec6f7-3af9-4140-b024-05ff120ee3c1,221.0
43724ad9-f758-467b-b8ff-4c57dec14cef,5af391df-7ee2-4f0f-b615-544711b58226,628ec6f7-3af9-4140-b024-05ff120ee3c1,162.0
ca62ed25-57a6-47c2-918d-d58a3be61965,936a7317-4183-498c-9de8-ad61189184ec,2bf84398-c152-4aad-b2c5-966f7e23954a,135.0
5be940e1-6590-43fb-9afc-bb2173d19c6f,5af391df-7ee2-4f0f-b615-544711b58226,2bf84398-c152-4aad-b2c5-966f7e23954a,114.0
6478b3b3-621a-42d8-bac9-ebc6242ad40b,28a20b56-789a-4458-a6c7-a7dd1e80fa50,2bf84398-c152-4aad-b2c5-966f7e23954a,129.0
b8211e03-1a2c-4cbb-8a8f-40144adbe299,936a7317-4183-498c-9de8-ad61189184ec,0ba93ea1-3227-4676-abb4-dba69a22cd28,52.0
269a6417-2a3d-4b20-b877-0ee54a0cc025,5af391df-7ee2-4f0f-b615-544711b58226,0ba93ea1-3227-4676-abb4-dba69a22cd28,79.0
3e710886-729b-471b-aaed-08480d2d6e60,936a7317-4183-498c-9de8-ad61189184ec,68a15afa-f5b4-4469-a93a-58d064d7a009,204.0
2ecad66f-d656-462b-88d8-226385fc6e62,5af391df-7ee2-4f0f-b615-544711b58226,68a15afa-f5b4-4469-a93a-58d064d7a009,174.0
3b343fae-3792-49fe-904b-da21bbf8068c,28a20b56-789a-4458-a6c7-a7dd1e80fa50,68a15afa-f5b4-4469-a93a-58d064d7a009,157.0
cbc18b0b-520f-4250-bb02-5b7fdd70a6e9,790062ba-0a03-4ec5-90a9-ff6c8d15cf81,9fa6a836-c8e4-4e92-8576-980740a6ccae,145.0
ecc750a9-a576-4f3f-999d-b6046bce4598,790062ba-0a03-4ec5-90a9-ff6c8d15cf81,cc7edd88-4c47-4e7b-a175-0b969b7f7cbb,206.0
2f457d5d-288c-4dd7-a66a-854dfd4680c9,790062ba-0a03-4ec5-90a9-ff6c8d15cf81,064341e7-62ab-4d42-838b-27fe7b8ea088,32.0
1f3abc3c-3652-4b92-8f52-5901c9ae7e99,6bc6401e-94ae-4668-ad16-ba4b0c898da8,aeac31ba-3d4d-4ee2-9be6-bd124f5db873,214.0
e998ae09-b583-42ab-a1a2-12262b280baa,ece03d82-889b-4f66-8a22-9cbf3f5e31fa,9ef0c548-75b5-4837-9522-8bfe4d51f00e,
01c198d6-eea3-489e-8f73-95909d99bba6,da252931-1f14-4fd5-a54b-857b8f760555,9ef0c548-75b5-4837-9522-8bfe4d51f00e,
c9c7a709-8956-4237-9dc4-d9d192b579ab,56048df0-d1b5-463c-b964-b4d4d50b2816,9ef0c548-75b5-4837-9522-8bfe4d51f00e,
a517ff60-1ec9-4d2a-809d-b1654a161295,8fcc1843-e287-4168-8a98-a396b1baae8e,9ef0c548-75b5-4837-9522-8bfe4d51f00e,
5eef2582-6979-48d3-bc12-e66e264cf773,f3a4b6e0-2d95-427c-8a4d-d3fd1fd4c580,9ef0c548-75b5-4837-9522-8bfe4d51f00e,
34b7f121-7503-4cdc-8125-020bc093f3b8,af4415b8-36d2-4c26-8ee9-8f2112262862,9ef0c548-75b5-4837-9522-8bfe4d51f00e,
00901002-cae8-47c2-90fe-7aaed72eb516,ece03d82-889b-4f66-8a22-9cbf3f5e31fa,6fe0fc37-af94-4b32-8f2f-1cf93455d26a,
6205c2dc-cd92-4dd9-a298-3fbb419ef2f9,da252931-1f14-4fd5-a54b-857b8f760555,6fe0fc37-af94-4b32-8f2f-1cf93455d26a,
d01603e7-88c8-49b5-ba8e-28be0641a8e4,56048df0-d1b5-463c-b964-b4d4d50b2816,6fe0fc37-af94-4b32-8f2f-1cf93455d26a,
ad61b3ef-c6b9-4d77-a64a-c51d71fddaf0,8fcc1843-e287-4168-8a98-a396b1baae8e,6fe0fc37-af94-4b32-8f2f-1cf93455d26a,
f078779e-f1a5-4b71-944c-87cb52693574,f3a4b6e0-2d95-427c-8a4d-d3fd1fd4c580,6fe0fc37-af94-4b32-8f2f-1cf93455d26a,
e3812f37-dcd7-472d-8be6-298619092799,af4415b8-36d2-4c26-8ee9-8f2112262862,6fe0fc37-af94-4b32-8f2f-1cf93455d26a,
7307e182-1d28-49da-be24-75b40a41508e,ece03d82-889b-4f66-8a22-9cbf3f5e31fa,6f5da412-373a-464f-bc27-8ad4144301c4,
1d583dde-16ba-4ab8-bad7-5f9d8b2a3ed1,da252931-1f14-4fd5-a54b-857b8f760555,6f5da412-373a-464f-bc27-8ad4144301c4,
293312e3-c620-44ef-aa62-bbf5317ad6b4,56048df0-d1b5-463c-b964-b4d4d50b2816,6f5da412-373a-464f-bc27-8ad4144301c4,
bc7aef6e-1a6c-46be-9eb1-cbae23438870,8fcc1843-e287-4168-8a98-a396b1baae8e,6f5da412-373a-464f-bc27-8ad4144301c4,
39b0c4b1-00cf-4477-a0a6-87a5753aa1c2,f3a4b6e0-2d95-427c-8a4d-d3fd1fd4c580,6f5da412-373a-464f-bc27-8ad4144301c4,
9971984e-8e4c-42a6-89c9-e8a0a94ee5bd,af4415b8-36d2-4c26-8ee9-8f2112262862,6f5da412-373a-464f-bc27-8ad4144301c4,
5f0cf7e2-6f08-46fb-bf16-3bb9008593cf,ece03d82-889b-4f66-8a22-9cbf3f5e31fa,bb027006-53bc-4232-a74e-8f82b8c3503c,
71a99b57-be72-4a3e-80a5-d604c64a59de,da252931-1f14-4fd5-a54b-857b8f760555,bb027006-53bc-4232-a74e-8f82b8c3503c,
52387094-6c2e-4877-b18a-44a59580712f,56048df0-d1b5-463c-b964-b4d4d50b2816,bb027006-53bc-4232-a74e-8f82b8c3503c,
e5cf7b45-5c3b-4d62-9f3f-5e926ca83d85,8fcc1843-e287-4168-8a98-a396b1baae8e,bb027006-53bc-4232-a74e-8f82b8c3503c,
d00cf4c9-1b52-43b4-acc0-33aaace0594a,f3a4b6e0-2d95-427c-8a4d-d3fd1fd4c580,bb027006-53bc-4232-a74e-8f82b8c3503c,
7fe15c86-9f21-4d7f-a227-c7196e3758bd,af4415b8-36d2-4c26-8ee9-8f2112262862,bb027006-53bc-4232-a74e-8f82b8c3503c,
484be499-b874-492f-876a-3cb3c52c6737,ece03d82-889b-4f66-8a22-9cbf3f5e31fa,eec773b9-a80f-4c64-bd1f-a60d8b4cf5d1,
0d67f6ca-f686-49c2-a1ce-c3a1b642ca93,da252931-1f14-4fd5-a54b-857b8f760555,eec773b9-a80f-4c64-bd1f-a60d8b4cf5d1,
465348ba-5a36-4c45-a87f-2cdd993cd26e,56048df0-d1b5-463c-b964-b4d4d50b2816,eec773b9-a80f-4c64-bd1f-a60d8b4cf5d1,
debfdd8e-e0f5-4167-b782-a594ae798066,8fcc1843-e287-4168-8a98-a396b1baae8e,eec773b9-a80f-4c64-bd1f-a60d8b4cf5d1,
8bee2fa3-c331-4d3d-b59c-b3922df72e69,f3a4b6e0-2d95-427c-8a4d-d3fd1fd4c580,eec773b9-a80f-4c64-bd1f-a60d8b4cf5d1,
1d4cd104-17cb-4719-bc30-3834e0266bc3,af4415b8-36d2-4c26-8ee9-8f2112262862,eec773b9-a80f-4c64-bd1f-a60d8b4cf5d1,
3d994950-f934-4f3e-bbd6-8e8c36184514,8fcc1843-e287-4168-8a98-a396b1baae8e,f880f3e6-bfa3-43a9-b874-9cc6adcb130b,
ed006c98-dbc6-4010-a99b-3c8746fb1b3d,f3a4b6e0-2d95-427c-8a4d-d3fd1fd4c580,f880f3e6-bfa3-43a9-b874-9cc6adcb130b,
78ec4fb7-0bc3-4200-b1c8-c38d58f29b01,af4415b8-36d2-4c26-8ee9-8f2112262862,f880f3e6-bfa3-43a9-b874-9cc6adcb130b,
883c1290-89fb-4257-a170-71c2534c3ef2,ece03d82-889b-4f66-8a22-9cbf3f5e31fa,fb45e30a-2ee5-4a7e-b9f3-6ea0ea84002b,
45ec573d-64d6-427f-8d21-260c67e7cda4,da252931-1f14-4fd5-a54b-857b8f760555,fb45e30a-2ee5-4a7e-b9f3-6ea0ea84002b,
101b4136-2e62-4db1-9917-0ffd9abaad47,56048df0-d1b5-463c-b964-b4d4d50b2816,fb45e30a-2ee5-4a7e-b9f3-6ea0ea84002b,
45329d9d-19f3-4586-a130-770913604c05,8fcc1843-e287-4168-8a98-a396b1baae8e,fb45e30a-2ee5-4a7e-b9f3-6ea0ea84002b,
ce1b4564-ab4f-4a67-b9ff-5f17fc0a7ae0,f3a4b6e0-2d95-427c-8a4d-d3fd1fd4c580,fb45e30a-2ee5-4a7e-b9f3-6ea0ea84002b,
3ff78031-c66d-4a0a-882f-1a75c1dd34eb,af4415b8-36d2-4c26-8ee9-8f2112262862,fb45e30a-2ee5-4a7e-b9f3-6ea0ea84002b,
5b966445-e150-4d60-aeb1-aa9e98a83ce0,af4415b8-36d2-4c26-8ee9-8f2112262862,46dfd338-6884-440e-9412-6d5293f4c1ac,
273c9902-1c9e-4ab9-8302-c0995a4d0683,ece03d82-889b-4f66-8a22-9cbf3f5e31fa,36a69e1d-73e5-4d42-8974-2380656b478b,
e035406f-766f-4d7b-b65e-4ee6222016f9,da252931-1f14-4fd5-a54b-857b8f760555,36a69e1d-73e5-4d42-8974-2380656b478b,
50780ecd-f0c0-425b-9868-f66db31b3a9f,56048df0-d1b5-463c-b964-b4d4d50b2816,36a69e1d-73e5-4d42-8974-2380656b478b,
eff08b1c-9749-464f-b5be-512f8ddc94df,f3a4b6e0-2d95-427c-8a4d-d3fd1fd4c580,36a69e1d-73e5-4d42-8974-2380656b478b,
3583681b-a7a3-4783-a041-5f63623c80e9,af4415b8-36d2-4c26-8ee9-8f2112262862,36a69e1d-73e5-4d42-8974-2380656b478b,
1dcc0e5a-b096-404d-88ea-fa7de53dae3c,ece03d82-889b-4f66-8a22-9cbf3f5e31fa,4fcdd0a7-b04e-43a7-a853-313b53fdcd98,243.0
3ad115dc-f2a4-40e7-ab48-bf36221d076c,da252931-1f14-4fd5-a54b-857b8f760555,4fcdd0a7-b04e-43a7-a853-313b53fdcd98,51.0
97d66f88-e6a3-4e71-a696-b376e15026a6,56048df0-d1b5-463c-b964-b4d4d50b2816,4fcdd0a7-b04e-43a7-a853-313b53fdcd98,164.0
96224758-462c-42db-ad48-861a7e323928,8fcc1843-e287-4168-8a98-a396b1baae8e,4fcdd0a7-b04e-43a7-a853-313b53fdcd98,202.0
63ccbc74-18c2-4a98-a66c-276913cc5861,f3a4b6e0-2d95-427c-8a4d-d3fd1fd4c580,4fcdd0a7-b04e-43a7-a853-313b53fdcd98,109.0
943d82f2-cd72-4c96-b370-7a13cebe7dd3,af4415b8-36d2-4c26-8ee9-8f2112262862,4fcdd0a7-b04e-43a7-a853-313b53fdcd98,211.0
aafc3759-1251-4d0a-a8ee-2cb4fd449cc9,ece03d82-889b-4f66-8a22-9cbf3f5e31fa,d922d67e-9f8e-4dd8-9e67-bf51eb4d7968,
d9479a4f-6b11-452d-b61d-33b5be4eb5c6,da252931-1f14-4fd5-a54b-857b8f760555,d922d67e-9f8e-4dd8-9e67-bf51eb4d7968,
9c1ea88a-d2bf-4650-a888-9f43d6c673ae,ece03d82-889b-4f66-8a22-9cbf3f5e31fa,df26d0db-e31a-4696-bad4-9ca95d53a6a2,
c851a3d9-c5dc-4032-a02c-fc694d658dae,da252931-1f14-4fd5-a54b-857b8f760555,df26d0db-e31a-4696-bad4-9ca95d53a6a2,
79320838-3065-4ddd-af2c-84ab074a7184,ece03d82-889b-4f66-8a22-9cbf3f5e31fa,efbbd0cd-607d-4dc8-99b7-cffb8f3202df,
412cb81c-de60-44ef-aaeb-e60e92e146db,da252931-1f14-4fd5-a54b-857b8f760555,efbbd0cd-607d-4dc8-99b7-cffb8f3202df,
529ff9f8-0079-4d7a-8d6b-ace25154e045,ece03d82-889b-4f66-8a22-9cbf3f5e31fa,d8837a8a-11a6-4162-b585-5f7aa059fda3,130.0
10dbf7f7-3a51-4588-8eb3-340511db8087,da252931-1f14-4fd5-a54b-857b8f760555,d8837a8a-11a6-4162-b585-5f7aa059fda3,102.0
490c1b82-2056-46c8-9d72-1cdb6bbe3e25,56048df0-d1b5-463c-b964-b4d4d50b2816,d8837a8a-11a6-4162-b585-5f7aa059fda3,35.0
25fb2b6d-a08d-445c-b52d-ae37403d4936,ece03d82-889b-4f66-8a22-9cbf3f5e31fa,663c74db-1e2c-40c5-8a67-67134afbd219,240.0
d645578d-67cb-4cfa-b58d-951af13b4907,da252931-1f14-4fd5-a54b-857b8f760555,663c74db-1e2c-40c5-8a67-67134afbd219,118.0
d1cdc42e-535e-4fff-aec4-b13bf137f0a5,56048df0-d1b5-463c-b964-b4d4d50b2816,663c74db-1e2c-40c5-8a67-67134afbd219,106.0
21109388-c691-426c-9c2d-e3684a957fb1,ece03d82-889b-4f66-8a22-9cbf3f5e31fa,09043f50-878b-49b6-948a-f4db789f9763,
aeeacfe6-e0c8-48ea-b5cf-735daf359190,da252931-1f14-4fd5-a54b-857b8f760555,09043f50-878b-49b6-948a-f4db789f9763,
d432ad2a-60d4-4f7e-b658-fc36e2339351,ece03d82-889b-4f66-8a22-9cbf3f5e31fa,8e0e6b59-8244-43a5-ba6a-1424ae62d356,
d148c445-1979-4150-a5ac-cd51cff42b43,da252931-1f14-4fd5-a54b-857b8f760555,8e0e6b59-8244-43a5-ba6a-1424ae62d356,
5ef3d1d3-de7d-4c72-8489-4df73bda74fc,ece03d82-889b-4f66-8a22-9cbf3f5e31fa,7784c127-c99e-4eba-83a8-1e9379679bb0,
32dfb4dc-3696-4e18-becc-339c76b6f632,da252931-1f14-4fd5-a54b-857b8f760555,7784c127-c99e-4eba-83a8-1e9379679bb0,
d23eec8f-5c23-4ce1-ae83-1ee78c6f0c00,8fcc1843-e287-4168-8a98-a396b1baae8e,db42afb7-996e-4690-bcac-af3c37e5d256,
98387073-2e13-488c-8e31-b24cc8560269,a1a73197-feb1-48c4-a669-3b2e30c1bd44,dfed17b4-2885-43b7-b4e7-ef33ac1be3d1,
d0d8eeb5-3b49-4357-a2ec-82e734fe49d1,a1a73197-feb1-48c4-a669-3b2e30c1bd44,ca4c5940-f919-4c4f-abe2-3fd8a27d8bdc,
a41a5b27-e5bc-4cc0-9596-c5de8330e774,936a7317-4183-498c-9de8-ad61189184ec,ca4c5940-f919-4c4f-abe2-3fd8a27d8bdc,
8d0cb04c-a6aa-4d67-9024-4c359eb2b5d9,936a7317-4183-498c-9de8-ad61189184ec,d6cc104a-c305-4cd9-b2fe-3cdb01559cb9,
710f0c9a-ba7c-48e8-b6fa-7c2f44750a0a,8111c1e8-7d82-4e6d-ac07-de900ef27d15,d6cc104a-c305-4cd9-b2fe-3cdb01559cb9,
ad083069-c9e4-4e7c-b340-5406171fdc99,6bc6401e-94ae-4668-ad16-ba4b0c898da8,d6cc104a-c305-4cd9-b2fe-3cdb01559cb9,
a977c16e-9517-4101-8267-62139acdd71e,f3a4b6e0-2d95-427c-8a4d-d3fd1fd4c580,d6cc104a-c305-4cd9-b2fe-3cdb01559cb9,
07a587d1-f48b-4f1b-a853-18479349ca87,af4415b8-36d2-4c26-8ee9-8f2112262862,d6cc104a-c305-4cd9-b2fe-3cdb01559cb9,
6c8c65bc-d307-44d7-97d6-2026a75fef0f,936a7317-4183-498c-9de8-ad61189184ec,582ccf1c-9575-4a91-81ae-95e261e81c42,
8610d23e-b5dd-4383-a30c-ce89efa73838,8111c1e8-7d82-4e6d-ac07-de900ef27d15,582ccf1c-9575-4a91-81ae-95e261e81c42,
21744b44-2971-45b0-afca-1c62e6693491,6bc6401e-94ae-4668-ad16-ba4b0c898da8,582ccf1c-9575-4a91-81ae-95e261e81c42,
9fa23bf4-3171-4ecd-a8f3-2cc98a189658,f3a4b6e0-2d95-427c-8a4d-d3fd1fd4c580,582ccf1c-9575-4a91-81ae-95e261e81c42,
95d2a22a-8407-4462-ae34-de5be767db6e,af4415b8-36d2-4c26-8ee9-8f2112262862,582ccf1c-9575-4a91-81ae-95e261e81c42,
aac57ffd-14f9-4ec6-b2f0-3636e62274c4,936a7317-4183-498c-9de8-ad61189184ec,3f60e832-4a54-4052-aff0-5d8cd0063e1a,
46ec00bc-2834-472f-b9f8-ecbb4c83736a,790062ba-0a03-4ec5-90a9-ff6c8d15cf81,1f3337f0-0773-457d-87e2-7b71155c0134,
a61fe43b-d975-4a58-8765-1bc71e9df4d9,a1a73197-feb1-48c4-a669-3b2e30c1bd44,dee498d9-4181-4f42-9d53-2dc4f638a701,
d25abbe1-bbaf-4345-abe4-15306d129fbe,790062ba-0a03-4ec5-90a9-ff6c8d15cf81,de387266-4ef8-45ab-926c-22b710d9245e,
ca07bef2-af91-49db-92df-3fcf5c3ec8dd,936a7317-4183-498c-9de8-ad61189184ec,b52e8621-e353-4fd0-8b0b-276d1aca1006,
9af37656-6572-45b6-821f-780e0f04c096,8111c1e8-7d82-4e6d-ac07-de900ef27d15,b52e8621-e353-4fd0-8b0b-276d1aca1006,
e3b698a7-3a51-42af-a3bc-210e869b325a,936a7317-4183-498c-9de8-ad61189184ec,443051f1-91f0-44af-a997-b8f9c8e49653,
64c9157d-6183-41dd-9c6a-c8272f6672ad,790062ba-0a03-4ec5-90a9-ff6c8d15cf81,84c57725-0010-464d-af6a-01f0f9d101a1,
33178c3c-0b38-495d-92de-6355aee5b3da,936a7317-4183-498c-9de8-ad61189184ec,fb3765f4-1e66-420e-a8cf-2be3b07de39c,
c70903d0-3856-484f-b8e5-77b29825e3fc,8111c1e8-7d82-4e6d-ac07-de900ef27d15,fb3765f4-1e66-420e-a8cf-2be3b07de39c,
b5a1ee27-391a-4c89-9e10-84b22896a209,6bc6401e-94ae-4668-ad16-ba4b0c898da8,fb3765f4-1e66-420e-a8cf-2be3b07de39c,
e8da29b8-5e68-4fe4-a32e-5bbcdfeeef9e,f3a4b6e0-2d95-427c-8a4d-d3fd1fd4c580,fb3765f4-1e66-420e-a8cf-2be3b07de39c,
7d5c3924-efae-4634-94ab-9bed3497c662,af4415b8-36d2-4c26-8ee9-8f2112262862,fb3765f4-1e66-420e-a8cf-2be3b07de39c,
1115a8de-c579-4917-9c0e-f73f4d884c92,a376579e-ac37-4c45-b9ce-f8ac15736042,fb3765f4-1e66-420e-a8cf-2be3b07de39c,
014b40d9-66e1-4c3e-b33e-4518b85d69d2,28a20b56-789a-4458-a6c7-a7dd1e80fa50,fb3765f4-1e66-420e-a8cf-2be3b07de39c,
